{"metadata":{"asset_id":"dd96cf58-1ce0-45a0-adcd-3030c6caf574","asset_attributes":["notebook"],"name":"capstone week1","asset_type":"notebook","created_at":"2020-10-06T15:56:10Z","description":"","origin_country":"us","owner_id":"IBMid-55000860RP","project_id":"3f8ec4e3-277f-425c-bf94-8cb6a31fbbae","size":207,"tags":["notebook"],"usage":{"last_update_time":1602001018871,"last_updated_at":"2020-10-06T16:16:58Z"}},"entity":{"notebook":{"kernel":{"name":"python3","display_name":"Python 3.6","language":"python"},"originates_from":{"type":"blank"},"runtime":{"environment":"conda2py36-3f8ec4e3-277f-425c-bf94-8cb6a31fbbae"}}},"attachments":[{"id":"4dab1140-5e5b-4039-a597-da30f39eb5db","version":2,"asset_type":"notebook","name":"attachment for notebook dd96cf58-1ce0-45a0-adcd-3030c6caf574","description":"attachment for notebook dd96cf58-1ce0-45a0-adcd-3030c6caf574","mime":"application/json","datasource_type":"193a97c1-4475-4a19-b90c-295c4fdc6517","object_key":"notebook/capstone_week1_e2C68B89c.ipynb","creator_id":"IBMid-55000860RP","create_time":1601999771689,"size":207,"is_remote":false,"is_managed":false,"is_referenced":true,"is_object_key_read_only":false,"is_user_provided_path_key":true,"transfer_complete":true,"is_partitioned":false,"complete_time_ticks":1601999771689,"user_data":{},"test_doc":0,"handle":{"bucket":"capstoneweek1-donotdelete-pr-6sezumngychxzu","location":"eu-geo","key":"notebook/capstone_week1_e2C68B89c.ipynb","upload_id":"done","max_part_num":1},"usage":{"access_count":0,"last_accessor_id":"IBMid-55000860RP","last_access_time":1601999771689}}]}
